Workbook

Sheet REGISTRO_CUENTAS
A1: CUENTAS MENSUALES CASA 27 | F1: 🔄 ACTUALIZAR | I1: Instrucciones de Uso: | J1: 1. Seleccione las cantidades/detalles y el PRECIO. 2. Elija el USUARIO al final. El color del registro se aplicará automáticamente (Rojo: AYLIN | Verde: ANDRÉ | Azul: JOHAM). 3. Para reiniciar el registro use la Macro 'ReiniciarRegistro' o click en ACTUALIZAR.
A3: REGISTRO | C3: TIENDA MAJAS | AB3: TIENDA LUCKY PRODUCTOS | BA3: MERCADO | CP3: OTROS | CQ3: RESUMEN / PAGO
A4: N° DE ORDEN | B4: FECHA | C4: LECHE | D4: PAN | E4: PAN MOLDE | F4: HUEVOS | G4: ACEITE | H4: LIMONES | I4: KR | J4: ENERGINA | K4: GUARANA | L4: COCA COLA 1LT | M4: INKA 1LT | N4: AGUA GRANDE | O4: AGUA CHUPON | P4: AGUA CHICA | Q4: MOROCHAS | R4: TARI | S4: MAYONESA | T4: HOT DOG | U4: DETERGENTE | V4: PAPA RELLENA | W4: ARROZ C/ LECHE | X4: PAPA C/ HUEVO | Y4: SANDWICHS | Z4: CHIFLES | AA4: HELADOS | AB4: LECHE | AC4: PAN | AD4: PAN MOLDE | AE4: HUEVOS | AF4: ACEITE | AG4: LIMONES | AH4: KR | AI4: ENERGINA | AJ4: GUARANA | AK4: COCA COLA 1LT | AL4: INKA 1LT | AM4: AGUA GRANDE | AN4: AGUA CHUPON | AO4: AGUA CHICA | AP4: MOROCHAS | AQ4: TARI | AR4: MAYONESA | AS4: HOT DOG | AT4: DETERGENTE | AU4: PAPA RELLENA | AV4: ARROZ C/ LECHE | AW4: PAPA C/ HUEVO | AX4: SANDWICHS | AY4: CHIFLES | AZ4: HELADOS | BA4: CARNE MOLIDA | BB4: POLLO | BC4: PESCADO | BD4: UBRE | BE4: LENGUA | BF4: RABO | BG4: RIÑON | BH4: CERDO | BI4: CORDERO | BJ4: HUEVO | BK4: LIMON | BL4: LECHE | BM4: YOGURT | BN4: QUESO | BO4: MANDARINA | BP4: PAPAYA | BQ4: MANGO | BR4: PIÑA | BS4: PLATANO | BT4: MANZANA | BU4: SANDIA | BV4: PALTA | BW4: FRESA | BX4: ARROZ | BY4: FREJOLES | BZ4: LENTEJAS | CA4: TALLARINES | CB4: FIDEOS | CC4: TOMATE | CD4: CEBOLLA | CE4: ZAPALLO | CF4: LECHUGA | CG4: PIMIENTO | CH4: AJOS | CI4: ARBEJAS | CJ4: CONDIMENTOS | CK4: AZUCAR | CL4: SAL | CM4: SAL DE MARAS | CN4: AVENA | CO4: MANDARINA | CP4: DETALLE / OTROS | CQ4: PRECIO | CR4: TOTAL POR CONCEPTO | CS4: USUARIO
A5: =IF(CS5<>""; ROW()-4; "") | B5: =IF(CS5<>""; IF(ISNUMBER(B5); B5; TODAY()); "") | CR5: =CQ5
A6: =IF(CS6<>""; ROW()-4; "") | B6: =IF(CS6<>""; IF(ISNUMBER(B6); B6; TODAY()); "") | CR6: =CQ6
A7: =IF(CS7<>""; ROW()-4; "") | B7: =IF(CS7<>""; IF(ISNUMBER(B7); B7; TODAY()); "") | CR7: =CQ7
A8: =IF(CS8<>""; ROW()-4; "") | B8: =IF(CS8<>""; IF(ISNUMBER(B8); B8; TODAY()); "") | CR8: =CQ8
A9: =IF(CS9<>""; ROW()-4; "") | B9: =IF(CS9<>""; IF(ISNUMBER(B9); B9; TODAY()); "") | CR9: =CQ9
A10: =IF(CS10<>""; ROW()-4; "") | B10: =IF(CS10<>""; IF(ISNUMBER(B10); B10; TODAY()); "") | CR10: =CQ10
A11: =IF(CS11<>""; ROW()-4; "") | B11: =IF(CS11<>""; IF(ISNUMBER(B11); B11; TODAY()); "") | CR11: =CQ11
A12: =IF(CS12<>""; ROW()-4; "") | B12: =IF(CS12<>""; IF(ISNUMBER(B12); B12; TODAY()); "") | CR12: =CQ12
A13: =IF(CS13<>""; ROW()-4; "") | B13: =IF(CS13<>""; IF(ISNUMBER(B13); B13; TODAY()); "") | CR13: =CQ13
A14: =IF(CS14<>""; ROW()-4; "") | B14: =IF(CS14<>""; IF(ISNUMBER(B14); B14; TODAY()); "") | CR14: =CQ14
A15: =IF(CS15<>""; ROW()-4; "") | B15: =IF(CS15<>""; IF(ISNUMBER(B15); B15; TODAY()); "") | CR15: =CQ15
A16: =IF(CS16<>""; ROW()-4; "") | B16: =IF(CS16<>""; IF(ISNUMBER(B16); B16; TODAY()); "") | CR16: =CQ16
... A104: =IF(CS104<>""; ROW()-4; "") | B104: =IF(CS104<>""; IF(ISNUMBER(B104); B104; TODAY()); "") | CR104: =CQ104

Sheet RESUMEN_EJECUTIVO
A1: RESUMEN DE CUENTAS - CASA 27
A3: USUARIO | B3: N° REGISTROS | C3: TOTAL GASTADO (S/) | D3: % DEL TOTAL
A4: AYLIN | B4: =COUNTIF(REGISTRO_CUENTAS!$CS$5:$CS$104; "AYLIN") | C4: =SUMIF(REGISTRO_CUENTAS!$CS$5:$CS$104; "AYLIN"; REGISTRO_CUENTAS!$CR$5:$CR$104) | D4: =IF(C7>0; C4/C7; 0)
A5: ANDRÉ | B5: =COUNTIF(REGISTRO_CUENTAS!$CS$5:$CS$104; "ANDRÉ") | C5: =SUMIF(REGISTRO_CUENTAS!$CS$5:$CS$104; "ANDRÉ"; REGISTRO_CUENTAS!$CR$5:$CR$104) | D5: =IF(C7>0; C5/C7; 0)
A6: JOHAM | B6: =COUNTIF(REGISTRO_CUENTAS!$CS$5:$CS$104; "JOHAM") | C6: =SUMIF(REGISTRO_CUENTAS!$CS$5:$CS$104; "JOHAM"; REGISTRO_CUENTAS!$CR$5:$CR$104) | D6: =IF(C7>0; C6/C7; 0)
A7: TOTAL GENERAL | B7: =SUM(B4:B6) | C7: =SUM(C4:C6) | D7: =SUM(D4:D6)

Sheet INSTRUCCIONES_MACRO
A1: CÓDIGO MACRO VBA PARA EL BOTÓN 'ACTUALIZAR'
A3: PASO 1 | B3: Presione ALT + F11 en Excel para abrir el Editor de Visual Basic.
A4: PASO 2 | B4: En el menú superior, seleccione Insertar -> Módulo.
A5: PASO 3 | B5: Copie y pegue el siguiente código VBA en la ventana del módulo:
A7: CÓDIGO VBA: | B7: Sub ReiniciarRegistro()
B8: Dim respuesta As VbMsgBoxResult
B9: respuesta = MsgBox("¿Está seguro de que desea reiniciar todo el registro de cuentas?", vbYesNo + vbQuestion, "Confirmar Reinicio")
B10: If respuesta = vbYes Then
B11: With ThisWorkbook.Sheets("REGISTRO_CUENTAS")
B12: .Range("C5:CS104").ClearContents
B13: End With
B14: MsgBox "El registro de cuentas ha sido reiniciado correctamente.", vbInformation, "Reinicio Completado"
B15: End If
B16: End Sub
A18: PASO 4 | B18: Cierre la ventana del Editor VBA.
A19: PASO 5 | B19: Haga clic derecho sobre el botón 'ACTUALIZAR' en la hoja REGISTRO_CUENTAS, seleccione 'Asignar Macro', elija 'ReiniciarRegistro' y presione Aceptar.
